stock,term,beta,se,tstat,p,r2,adj_r2,n
AMZN,(Intercept),-0.001924960577405223,0.002069286146743954,-0.930253450173709,0.35302991855604804,0.47571403467344625,0.46094541593185323,293
AMZN,d_rate,0.021739637335521134,0.025094118076932435,0.8663240233776185,0.3870437898260448,0.47571403467344625,0.46094541593185323,293
AMZN,d_slope,0.042345551785687545,0.03198083762006529,1.324091391499992,0.1865373697751094,0.47571403467344625,0.46094541593185323,293
AMZN,d_infl,-0.04005521279772186,0.033534688603435385,-1.1944411731802542,0.23330205374163568,0.47571403467344625,0.46094541593185323,293
AMZN,d_credit,-0.02502951466273484,0.046372699233887524,-0.5397467707561038,0.5897946223894894,0.47571403467344625,0.46094541593185323,293
AMZN,r_vix,-0.003166557682829548,0.02093706851679401,-0.15124169270829838,0.8798924350743857,0.47571403467344625,0.46094541593185323,293
AMZN,r_oil,-0.05356190202260453,0.04519347792263053,-1.1851688448120858,0.23694145276134218,0.47571403467344625,0.46094541593185323,293
AMZN,r_usd,0.042067804431593796,0.3614580351811358,0.11638364716532737,0.9074307498724403,0.47571403467344625,0.46094541593185323,293
AMZN,GSPC,1.4550490051375344,0.1517158178291863,9.590621636932703,4.719237663096528e-19,0.47571403467344625,0.46094541593185323,293
AXON,(Intercept),0.0019713865167829804,0.003814851364713285,0.5167662716870085,0.6057215062043405,0.2195341570421846,0.1975492037194293,293
AXON,d_rate,-0.029932065235999505,0.03475925129162427,-0.8611251429115809,0.389895556491471,0.2195341570421846,0.1975492037194293,293
AXON,d_slope,-0.11806877315199209,0.0490759282342617,-2.4058388175236582,0.016774583385860783,0.2195341570421846,0.1975492037194293,293
AXON,d_infl,0.01292435576882011,0.05680034486142056,0.22754009329261096,0.820167516203697,0.2195341570421846,0.1975492037194293,293
AXON,d_credit,0.041508881498744765,0.057575896087773436,0.7209419968985843,0.4715382307907393,0.2195341570421846,0.1975492037194293,293
AXON,r_vix,-0.00844927654209691,0.04602413389641719,-0.18358360770271126,0.8544711251946843,0.2195341570421846,0.1975492037194293,293
AXON,r_oil,-0.009788636428890982,0.06732420396463332,-0.14539550195102402,0.8845017524048331,0.2195341570421846,0.1975492037194293,293
AXON,r_usd,0.6264304151543493,0.7264247737902758,0.8623472625882723,0.3892240291796105,0.2195341570421846,0.1975492037194293,293
AXON,GSPC,1.4765291263383946,0.23153510005559455,6.377128677180527,7.291319011464204e-10,0.2195341570421846,0.1975492037194293,293
GOOGL,(Intercept),0.0012582712684586562,0.0019193465592231354,0.655572732507436,0.5126297743429058,0.4111479987275017,0.3945606184099666,293
GOOGL,d_rate,0.03957696960915117,0.026408761782477478,1.4986302627566186,0.1350802718331657,0.4111479987275017,0.3945606184099666,293
GOOGL,d_slope,0.059610921280302286,0.032817037680729785,1.816462590567884,0.07035358193420102,0.4111479987275017,0.3945606184099666,293
GOOGL,d_infl,-0.03489620776442219,0.03079498702414397,-1.133178193485283,0.2580951450798813,0.4111479987275017,0.3945606184099666,293
GOOGL,d_credit,0.025765031753333386,0.034692904899486794,0.7426599711952782,0.45830139684215687,0.4111479987275017,0.3945606184099666,293
GOOGL,r_vix,-6.947882429877841e-4,0.018941342099299277,-0.03668104611306753,0.9707650908058143,0.4111479987275017,0.3945606184099666,293
GOOGL,r_oil,-0.021073423012860734,0.040439829507907275,-0.5211056344522969,0.6026992671845578,0.4111479987275017,0.3945606184099666,293
GOOGL,r_usd,0.04710016665828442,0.3438726877888463,0.1369697807672533,0.8911517302386697,0.4111479987275017,0.3945606184099666,293
GOOGL,GSPC,1.3216182616188272,0.1515643674366832,8.719848101308774,2.383355486475129e-16,0.4111479987275017,0.3945606184099666,293
META,(Intercept),-0.001337163952466019,0.002574628673378264,-0.5193618661565971,0.6039129305209419,0.30054517667717306,0.280842223907516,293
META,d_rate,0.007258368537586579,0.04304382367829042,0.1686274107949989,0.8662097504116634,0.30054517667717306,0.280842223907516,293
META,d_slope,0.06269492493688718,0.04243662182355847,1.477377845898243,0.14068244197786844,0.30054517667717306,0.280842223907516,293
META,d_infl,-0.11013068652437134,0.057994589521366095,-1.8989820849373804,0.058580151217066334,0.30054517667717306,0.280842223907516,293
META,d_credit,-0.08363749258934287,0.06008518327769255,-1.3919819833585236,0.16501695954440113,0.30054517667717306,0.280842223907516,293
META,r_vix,0.03603614296422085,0.026615608233231655,1.3539477530792223,0.17682946423373266,0.30054517667717306,0.280842223907516,293
META,r_oil,-0.058367107898162005,0.06240533810787905,-0.9352903079743559,0.35043328830414844,0.30054517667717306,0.280842223907516,293
META,r_usd,0.3542643033314834,0.4535402841038903,0.7811087917613373,0.4353891354103072,0.30054517667717306,0.280842223907516,293
META,GSPC,1.6169581910837172,0.21547758087027438,7.504066940760705,7.998360440064659e-13,0.30054517667717306,0.280842223907516,293
MSFT,(Intercept),-5.875165102291696e-4,0.0016755519123375414,-0.3506405894697304,0.7261179422396024,0.4852082033915379,0.47070702602228554,293
MSFT,d_rate,0.021487140101084996,0.016465558916722904,1.3049748392848073,0.1929577690444401,0.4852082033915379,0.47070702602228554,293
MSFT,d_slope,0.010373312568313557,0.024578268440594818,0.42205221223723083,0.6733062217105663,0.4852082033915379,0.47070702602228554,293
MSFT,d_infl,-0.036205142168199186,0.024658738205423237,-1.4682479641329145,0.14314355287926198,0.4852082033915379,0.47070702602228554,293
MSFT,d_credit,0.052428762590489,0.028288415777340932,1.8533651019257333,0.06486706029776138,0.4852082033915379,0.47070702602228554,293
MSFT,r_vix,0.03757787701576158,0.017192491739772938,2.1857144144399556,0.02965313807913549,0.4852082033915379,0.47070702602228554,293
MSFT,r_oil,-0.06773355984019604,0.03829951340027292,-1.7685227259235459,0.07804700273862447,0.4852082033915379,0.47070702602228554,293
MSFT,r_usd,0.28745611653856695,0.27351378999256454,1.0509748577809603,0.294163584320381,0.4852082033915379,0.47070702602228554,293
MSFT,GSPC,1.442948809911083,0.11339908156827799,12.724519369605991,1.1745978528090208e-29,0.4852082033915379,0.47070702602228554,293
NVDA,(Intercept),0.0025926334741766402,0.0027225904052835094,0.952267175093737,0.3417712430672708,0.5205161100548285,0.5070095216056687,293
NVDA,d_rate,0.059896893733143886,0.030592652996006844,1.9578849124645066,0.05122249342384346,0.5205161100548285,0.5070095216056687,293
NVDA,d_slope,-0.08685887698562593,0.045600559177580983,-1.9047765762558708,0.05781924130530598,0.5205161100548285,0.5070095216056687,293
NVDA,d_infl,-0.12372370818038302,0.0457739986081955,-2.7029255023010204,0.007287287419813726,0.5205161100548285,0.5070095216056687,293
NVDA,d_credit,-0.05999253496593217,0.05417299025476715,-1.1074252073551156,0.26904718843818287,0.5205161100548285,0.5070095216056687,293
NVDA,r_vix,0.06613552254748088,0.025715659895938974,2.5717995499670234,0.010625916652002805,0.5205161100548285,0.5070095216056687,293
NVDA,r_oil,0.013380720655707825,0.055620032492347767,0.24057376553220733,0.8100590559787589,0.5205161100548285,0.5070095216056687,293
NVDA,r_usd,0.33189026531117893,0.4769273534155943,0.6958927034364706,0.4870651022425334,0.5205161100548285,0.5070095216056687,293
NVDA,GSPC,2.4996755805945035,0.1809489110276377,13.814261530497463,1.4890214473286844e-33,0.5205161100548285,0.5070095216056687,293
UNH,(Intercept),-2.7356419470790037e-4,0.0028154294423480015,-0.09716606304996026,0.9226630534948335,0.03226752119144536,0.0050074513658523445,293
UNH,d_rate,0.013627732429648938,0.03135020515102952,0.434693564651248,0.6641149775992585,0.03226752119144536,0.0050074513658523445,293
UNH,d_slope,-0.030420898291629323,0.03367328960664969,-0.9034133180032967,0.36707220630989057,0.03226752119144536,0.0050074513658523445,293
UNH,d_infl,0.016876798663389803,0.039524136579272666,0.42699980629660034,0.6697029971290295,0.03226752119144536,0.0050074513658523445,293
UNH,d_credit,0.03191721900296999,0.04253211831530293,0.7504262723610046,0.4536192778576743,0.03226752119144536,0.0050074513658523445,293
UNH,r_vix,-0.002242904890892198,0.030148449352732164,-0.07439536490419657,0.9407481701716414,0.03226752119144536,0.0050074513658523445,293
UNH,r_oil,-0.0744670860755037,0.05143491503437103,-1.4477925359795303,0.14877808684730714,0.03226752119144536,0.0050074513658523445,293
UNH,r_usd,-0.21330338577531657,0.45128886903031634,-0.47265377103947015,0.6368232338207038,0.03226752119144536,0.0050074513658523445,293
UNH,GSPC,0.33309571683693723,0.25567411250306366,1.302813623076313,0.19369377253920142,0.03226752119144536,0.0050074513658523445,293
SOFI,(Intercept),-0.0038015282691618965,0.00468568359920135,-0.8113070779704047,0.41786875729158923,0.263931882518387,0.24319756934989079,293
SOFI,d_rate,-0.03492318973705499,0.05910229016202432,-0.5908940185112249,0.5550613888427667,0.263931882518387,0.24319756934989079,293
SOFI,d_slope,0.015235194650514724,0.08007865233724858,0.19025288520531303,0.8492468897610874,0.263931882518387,0.24319756934989079,293
SOFI,d_infl,-0.11203153537221124,0.10136530621696803,-1.1052256393564541,0.26999725440614647,0.263931882518387,0.24319756934989079,293
SOFI,d_credit,-0.1991895474204062,0.1135273269583467,-1.7545515494563617,0.0804144599595255,0.263931882518387,0.24319756934989079,293
SOFI,r_vix,-0.040818052409776824,0.05372306830693392,-0.7597863207770008,0.4480125488588026,0.263931882518387,0.24319756934989079,293
SOFI,r_oil,0.014359725624307316,0.10341641692216401,0.1388534436956476,0.8896643691068701,0.263931882518387,0.24319756934989079,293
SOFI,r_usd,-0.017750813524700537,0.8952773219048219,-0.01982716761654737,0.9841951679664873,0.263931882518387,0.24319756934989079,293
SOFI,GSPC,1.619972323985549,0.29388403668446567,5.512284172565875,7.955676183572435e-8,0.263931882518387,0.24319756934989079,293
PLTR,(Intercept),-1.822143823560435e-4,0.004698217603767064,-0.03878372560052193,0.9690900688226989,0.25438115820602897,0.23337781054986073,293
PLTR,d_rate,0.10558335982327308,0.0532326447516505,1.9834325406122042,0.048282028709654784,0.25438115820602897,0.23337781054986073,293
PLTR,d_slope,-0.11606107609665718,0.07378673670527953,-1.5729259929224226,0.1168493079953415,0.25438115820602897,0.23337781054986073,293
PLTR,d_infl,-0.07103575466946956,0.0827132488077626,-0.8588195445516449,0.39116435781942294,0.25438115820602897,0.23337781054986073,293
PLTR,d_credit,0.0802941625845456,0.07466233278827392,1.0754306701378098,0.2830947292605616,0.25438115820602897,0.23337781054986073,293
PLTR,r_vix,0.03971106860444105,0.05202886819726102,0.7632506717978458,0.4459474585183991,0.25438115820602897,0.23337781054986073,293
PLTR,r_oil,-0.033724619177953226,0.09868914418490417,-0.3417257232950234,0.7328100306337944,0.25438115820602897,0.23337781054986073,293
PLTR,r_usd,-0.2627568483273472,0.7881583713057743,-0.3333807745923286,0.7390928697520203,0.25438115820602897,0.23337781054986073,293
PLTR,GSPC,2.4051771488724523,0.2954335996076928,8.141176738415314,1.2433165444032446e-14,0.25438115820602897,0.23337781054986073,293
GSPC,(Intercept),0.0027942609606969922,6.767072746451344e-4,4.129201894810875,4.7864431447592166e-5,0.6507417321943585,0.6421634589500094,293
GSPC,d_rate,-0.052172960931799205,0.010687811695782127,-4.881538187315642,1.7554870097163272e-6,0.6507417321943585,0.6421634589500094,293
GSPC,d_slope,0.03061682961368062,0.014246416021265806,2.149089958343101,0.032469333517250974,0.6507417321943585,0.6421634589500094,293
GSPC,d_infl,0.0601780993632886,0.016315721852749283,3.6883504086672256,2.7026003764406205e-4,0.6507417321943585,0.6421634589500094,293
GSPC,d_credit,-0.06998835957813924,0.017713296589041857,-3.951176407300536,9.81127496215696e-5,0.6507417321943585,0.6421634589500094,293
GSPC,r_vix,-0.09374820740270094,0.0063842377131193544,-14.6843227986408,9.758514536808656e-37,0.6507417321943585,0.6421634589500094,293
GSPC,r_oil,0.00864959811033977,0.015903119653076433,0.5438931668143815,0.5869402083921087,0.6507417321943585,0.6421634589500094,293
GSPC,r_usd,-0.29853995153675,0.1275385410332929,-2.3407822382005965,0.019932936948310664,0.6507417321943585,0.6421634589500094,293
